Compression Level,Time (seconds),Compressed Size (bytes)
0,0.002691507339477539,224704
1,0.0028121471405029297,207830
2,0.005432844161987305,155767
3,0.007688283920288086,161053
4,0.010502338409423828,160929
5,0.020637989044189453,135810
6,0.025881052017211914,134789
7,0.038645267486572266,134126
8,0.06777405738830566,133535
9,0.1370396614074707,133145
10,1.839928150177002,113687
11,6.298220872879028,108193
