Compression Level,Time (seconds),Compressed Size (bytes)
1,0.2916605472564697,128310
2,0.312288761138916,113487
3,0.3215601444244385,107923
4,0.3351871967315674,105697
5,0.33669114112854004,104020
6,0.3708770275115967,103335
7,0.35576653480529785,102892
8,0.36588025093078613,101700
9,0.4172654151916504,103244
