Compression Level,Time (seconds),Compressed Size (bytes)
0,0.0015654563903808594,3637402
1,0.00912022590637207,215886
2,0.009392261505126953,211732
3,0.00933980941772461,209763
4,0.012925386428833008,179707
5,0.012852907180786133,177421
6,0.01989436149597168,169779
7,0.0216519832611084,168908
8,0.04902052879333496,160464
9,0.05269455909729004,160464
