Compression Level,Time (seconds),Compressed Size (bytes)
0,0.0305478572845459,112160
1,0.03595685958862305,111396
2,0.07307004928588867,110476
3,0.08069705963134766,109364
4,0.11516451835632324,121916
5,0.16959238052368164,119060
6,0.49146437644958496,116720
7,0.5151126384735107,116720
8,0.5344538688659668,116720
9,0.5428605079650879,116720
